{
  "id": "2305073",
  "name": "web探险者地图",
  "font_family": "iconfont",
  "css_prefix_text": "icon",
  "description": "",
  "glyphs": [
    {
      "icon_id": "14679084",
      "name": "grid",
      "font_class": "grid",
      "unicode": "e66b",
      "unicode_decimal": 58987
    },
    {
      "icon_id": "15188388",
      "name": "grid",
      "font_class": "grid1",
      "unicode": "e6ec",
      "unicode_decimal": 59116
    },
    {
      "icon_id": "1284182",
      "name": "加油卡",
      "font_class": "jiayouqia",
      "unicode": "e63a",
      "unicode_decimal": 58938
    },
    {
      "icon_id": "18165046",
      "name": "枪支,枪,犯罪,危险",
      "font_class": "firearms-full",
      "unicode": "e874",
      "unicode_decimal": 59508
    },
    {
      "icon_id": "2439690",
      "name": "人员",
      "font_class": "fl-renyuan",
      "unicode": "e625",
      "unicode_decimal": 58917
    },
    {
      "icon_id": "4360963",
      "name": "车辆管理",
      "font_class": "cheliangguanli",
      "unicode": "e601",
      "unicode_decimal": 58881
    },
    {
      "icon_id": "8094213",
      "name": "设备月保:设备日保",
      "font_class": "shebeiyuebaoshebeiribao",
      "unicode": "e64c",
      "unicode_decimal": 58956
    },
    {
      "icon_id": "14015750",
      "name": "-_病人1",
      "font_class": "-_bingren",
      "unicode": "e62b",
      "unicode_decimal": 58923
    },
    {
      "icon_id": "21497129",
      "name": "油卡充值",
      "font_class": "youkachongzhi",
      "unicode": "e603",
      "unicode_decimal": 58883
    },
    {
      "icon_id": "22611499",
      "name": "直升机",
      "font_class": "zhishengji",
      "unicode": "e626",
      "unicode_decimal": 58918
    },
    {
      "icon_id": "25068575",
      "name": "租车车辆",
      "font_class": "zuchecheliang",
      "unicode": "e6ab",
      "unicode_decimal": 59051
    },
    {
      "icon_id": "5802150",
      "name": "广东省",
      "font_class": "guangdongsheng",
      "unicode": "e632",
      "unicode_decimal": 58930
    },
    {
      "icon_id": "162882",
      "name": "设置",
      "font_class": "shezhi",
      "unicode": "e600",
      "unicode_decimal": 58880
    },
    {
      "icon_id": "577359",
      "name": "设置",
      "font_class": "shezhi1",
      "unicode": "e74c",
      "unicode_decimal": 59212
    },
    {
      "icon_id": "2076270",
      "name": "设置",
      "font_class": "shezhi2",
      "unicode": "e892",
      "unicode_decimal": 59538
    },
    {
      "icon_id": "7765163",
      "name": "平台_模块",
      "font_class": "pingtai_mokuai",
      "unicode": "e65e",
      "unicode_decimal": 58974
    },
    {
      "icon_id": "11121429",
      "name": "公共模块",
      "font_class": "gonggongmokuai",
      "unicode": "e634",
      "unicode_decimal": 58932
    },
    {
      "icon_id": "11671976",
      "name": "地图",
      "font_class": "ditu",
      "unicode": "e670",
      "unicode_decimal": 58992
    },
    {
      "icon_id": "25739953",
      "name": "模块",
      "font_class": "mokuai1",
      "unicode": "e606",
      "unicode_decimal": 58886
    },
    {
      "icon_id": "6996229",
      "name": "全屏最大化",
      "font_class": "quanpingzuidahua",
      "unicode": "e70e",
      "unicode_decimal": 59150
    },
    {
      "icon_id": "1409834",
      "name": "8测距",
      "font_class": "ceju",
      "unicode": "e60f",
      "unicode_decimal": 58895
    },
    {
      "icon_id": "10043667",
      "name": "图层",
      "font_class": "tuceng",
      "unicode": "e617",
      "unicode_decimal": 58903
    },
    {
      "icon_id": "11891846",
      "name": "refresh",
      "font_class": "refresh",
      "unicode": "e675",
      "unicode_decimal": 58997
    },
    {
      "icon_id": "1393753",
      "name": "right",
      "font_class": "right",
      "unicode": "e71c",
      "unicode_decimal": 59164
    },
    {
      "icon_id": "1479184",
      "name": "ic_center_focus_weak",
      "font_class": "ic_center_focus_weak",
      "unicode": "ea03",
      "unicode_decimal": 59907
    },
    {
      "icon_id": "7685131",
      "name": "left",
      "font_class": "left1",
      "unicode": "e703",
      "unicode_decimal": 59139
    },
    {
      "icon_id": "5810182",
      "name": "about_line",
      "font_class": "about_line",
      "unicode": "e7e5",
      "unicode_decimal": 59365
    },
    {
      "icon_id": "88609",
      "name": "copy",
      "font_class": "copy",
      "unicode": "e708",
      "unicode_decimal": 59144
    },
    {
      "icon_id": "36107",
      "name": "面积",
      "font_class": "mianji",
      "unicode": "e62f",
      "unicode_decimal": 58927
    },
    {
      "icon_id": "1208528",
      "name": "连线_icon",
      "font_class": "lianxian_icon",
      "unicode": "e641",
      "unicode_decimal": 58945
    },
    {
      "icon_id": "1422574",
      "name": "手机",
      "font_class": "shouji",
      "unicode": "e653",
      "unicode_decimal": 58963
    },
    {
      "icon_id": "8952986",
      "name": "map-marker",
      "font_class": "map-marker",
      "unicode": "e815",
      "unicode_decimal": 59413
    },
    {
      "icon_id": "8953000",
      "name": "map-marker-plus",
      "font_class": "map-marker-plus",
      "unicode": "e818",
      "unicode_decimal": 59416
    },
    {
      "icon_id": "13519374",
      "name": "delete",
      "font_class": "delete1",
      "unicode": "e768",
      "unicode_decimal": 59240
    }
  ]
}
